{"f0": "{\"flow_id\": 1, \"size\": 8000, \"period\": 300000, \"bandwidth\": 0.02666666666666667, \"source\": 1, \"destinations\": [6, 7], \"reliability\": 0.0, \"deadline\": 1000000, \"routes\": [[[1, 3, 9, 13], [1, 5, 11, 13]], [[1, 3, 7, 11, 15], [1, 3, 9, 15], [1, 5, 8, 9, 15], [1, 5, 11, 15]]], \"walked_edges\": [1, 3, 5, 7, 8, 9, 11, 13, 15], \"negative_walked_edges\": [], \"color\": \"#5B8D9A\"}", "f1": "{\"flow_id\": 2, \"size\": 20000, \"period\": 150000, \"bandwidth\": 0.13333333333333333, \"source\": 1, \"destinations\": [6], \"reliability\": 0.0, \"deadline\": 1000000, \"routes\": [[[1, 3, 7, 11, 13], [1, 3, 9, 13], [1, 5, 8, 9, 13], [1, 5, 11, 13]]], \"walked_edges\": [1, 3, 5, 7, 8, 9, 11, 13], \"negative_walked_edges\": [], \"color\": \"#1643B8\"}", "f2": "{\"flow_id\": 3, \"size\": 30000, \"period\": 300000, \"bandwidth\": 0.1, \"source\": 1, \"destinations\": [6, 7], \"reliability\": 0.0, \"deadline\": 1000000, \"routes\": [[[1, 3, 7, 11, 13], [1, 3, 9, 13], [1, 5, 8, 9, 13], [1, 5, 11, 13]], [[1, 3, 7, 11, 15], [1, 3, 9, 15], [1, 5, 8, 9, 15], [1, 5, 11, 15]]], \"walked_edges\": [1, 3, 5, 7, 8, 9, 11, 13, 15], \"negative_walked_edges\": [], \"color\": \"#13CF22\"}", "f3": "{\"flow_id\": 4, \"size\": 2000, \"period\": 300000, \"bandwidth\": 0.006666666666666667, \"source\": 1, \"destinations\": [7], \"reliability\": 0.0, \"deadline\": 1000000, \"routes\": [[[1, 3, 7, 11, 15], [1, 3, 9, 15], [1, 5, 8, 9, 15], [1, 5, 11, 15]]], \"walked_edges\": [1, 3, 5, 7, 8, 9, 11, 15], \"negative_walked_edges\": [], \"color\": \"#DBC3D5\"}"}