{"f0": "{\"flow_id\": 1, \"size\": 5000, \"period\": 150000, \"bandwidth\": 0.03333333333333333, \"source\": 19, \"destinations\": [20], \"reliability\": 0.98, \"deadline\": 1000000000, \"routes\": [[[39, 19, 13, 30, 25]]], \"walked_edges\": [39, 13, 19, 25, 30], \"negative_walked_edges\": [], \"color\": \"#D9CAE2\"}", "f1": "{\"flow_id\": 2, \"size\": 5000, \"period\": 300000, \"bandwidth\": 0.016666666666666666, \"source\": 16, \"destinations\": [13, 17, 20], \"reliability\": 0.98, \"deadline\": 1000000000, \"routes\": [[[36, 1, 10, 4, 8, 17, 28], [36, 2, 17, 28]], [[36, 1, 10, 4, 8, 17, 26, 11, 21], [36, 2, 17, 26, 11, 21]], [[36, 1, 10, 4, 8, 17, 26, 13, 30, 25], [36, 2, 17, 26, 13, 30, 25]]], \"walked_edges\": [1, 2, 36, 4, 8, 10, 11, 13, 17, 21, 25, 26, 28, 30], \"negative_walked_edges\": [], \"color\": \"#462AF9\"}", "f2": "{\"flow_id\": 3, \"size\": 1500, \"period\": 100000, \"bandwidth\": 0.015, \"source\": 19, \"destinations\": [13, 11, 16], \"reliability\": 0.98, \"deadline\": 1000000000, \"routes\": [[[39, 19, 12, 28]], [[39, 19, 13, 30, 24]], [[39, 19, 12, 27, 15, 3], [39, 19, 12, 27, 16, 7, 5, 9, 3]]], \"walked_edges\": [3, 5, 39, 7, 9, 12, 13, 15, 16, 19, 24, 27, 28, 30], \"negative_walked_edges\": [], \"color\": \"#6AAEE8\"}", "f3": "{\"flow_id\": 4, \"size\": 1500, \"period\": 100000, \"bandwidth\": 0.015, \"source\": 19, \"destinations\": [15, 17], \"reliability\": 0.99, \"deadline\": 1000000000, \"routes\": [[[39, 19, 14]], [[39, 21]]], \"walked_edges\": [19, 21, 14, 39], \"negative_walked_edges\": [], \"color\": \"#247761\"}", "f4": "{\"flow_id\": 5, \"size\": 1500, \"period\": 300000, \"bandwidth\": 0.005, \"source\": 18, \"destinations\": [15, 19, 17], \"reliability\": 0.99, \"deadline\": 1000000000, \"routes\": [[[38, 17, 26, 14]], [[38, 17, 26, 11, 22]], [[38, 17, 26, 11, 21]]], \"walked_edges\": [38, 11, 14, 17, 21, 22, 26], \"negative_walked_edges\": [], \"color\": \"#991F9E\"}", "f5": "{\"flow_id\": 6, \"size\": 1000, \"period\": 300000, \"bandwidth\": 0.0033333333333333335, \"source\": 13, \"destinations\": [11, 12, 18], \"reliability\": 0.98, \"deadline\": 1000000000, \"routes\": [[[33, 26, 13, 30, 24]], [[33, 27, 15, 1, 10, 6], [33, 27, 16, 7, 6]], [[33, 27, 18]]], \"walked_edges\": [33, 1, 6, 7, 10, 13, 15, 16, 18, 24, 26, 27, 30], \"negative_walked_edges\": [], \"color\": \"#C8853E\"}", "f6": "{\"flow_id\": 7, \"size\": 1000, \"period\": 100000, \"bandwidth\": 0.01, \"source\": 17, \"destinations\": [18, 15, 14], \"reliability\": 0.99, \"deadline\": 1000000000, \"routes\": [[[37, 19, 12, 27, 18]], [[37, 19, 14]], [[37, 20]]], \"walked_edges\": [37, 12, 14, 18, 19, 20, 27], \"negative_walked_edges\": [], \"color\": \"#B8E6B5\"}", "f7": "{\"flow_id\": 8, \"size\": 5000, \"period\": 100000, \"bandwidth\": 0.05, \"source\": 18, \"destinations\": [19], \"reliability\": 0.99, \"deadline\": 1000000000, \"routes\": [[[38, 17, 26, 11, 22]]], \"walked_edges\": [38, 11, 17, 22, 26], \"negative_walked_edges\": [], \"color\": \"#D3862E\"}", "f8": "{\"flow_id\": 9, \"size\": 1000, \"period\": 150000, \"bandwidth\": 0.006666666666666667, \"source\": 18, \"destinations\": [13, 16, 12], \"reliability\": 0.97, \"deadline\": 1000000000, \"routes\": [[[38, 17, 28]], [[38, 15, 3], [38, 16, 7, 5, 9, 3]], [[38, 15, 1, 10, 6], [38, 16, 7, 6]]], \"walked_edges\": [1, 3, 5, 38, 7, 6, 9, 10, 15, 16, 17, 28], \"negative_walked_edges\": [], \"color\": \"#7C59F5\"}", "f9": "{\"flow_id\": 10, \"size\": 1000, \"period\": 300000, \"bandwidth\": 0.0033333333333333335, \"source\": 20, \"destinations\": [11, 16, 15], \"reliability\": 0.99, \"deadline\": 1000000000, \"routes\": [[[40, 24]], [[40, 23, 29, 12, 27, 15, 3], [40, 23, 29, 12, 27, 16, 7, 5, 9, 3]], [[40, 23, 29, 14]]], \"walked_edges\": [3, 5, 7, 40, 9, 12, 14, 15, 16, 23, 24, 27, 29], \"negative_walked_edges\": [], \"color\": \"#D2D4E9\"}", "f10": "{\"flow_id\": 11, \"size\": 1000, \"period\": 100000, \"bandwidth\": 0.01, \"source\": 20, \"destinations\": [15, 14, 17], \"reliability\": 0.99, \"deadline\": 1000000000, \"routes\": [[[40, 23, 29, 14]], [[40, 23, 29, 11, 20]], [[40, 23, 29, 11, 21]]], \"walked_edges\": [40, 11, 14, 20, 21, 23, 29], \"negative_walked_edges\": [], \"color\": \"#6B6738\"}", "f11": "{\"flow_id\": 12, \"size\": 1000, \"period\": 150000, \"bandwidth\": 0.006666666666666667, \"source\": 17, \"destinations\": [19, 13, 15], \"reliability\": 0.98, \"deadline\": 1000000000, \"routes\": [[[37, 22]], [[37, 19, 12, 28]], [[37, 19, 14]]], \"walked_edges\": [37, 12, 14, 19, 22, 28], \"negative_walked_edges\": [], \"color\": \"#8FD1EC\"}", "f12": "{\"flow_id\": 13, \"size\": 1000, \"period\": 100000, \"bandwidth\": 0.01, \"source\": 19, \"destinations\": [18, 16], \"reliability\": 0.99, \"deadline\": 1000000000, \"routes\": [[[39, 19, 12, 27, 18]], [[39, 19, 12, 27, 15, 3], [39, 19, 12, 27, 16, 7, 5, 9, 3]]], \"walked_edges\": [3, 5, 39, 7, 9, 12, 15, 16, 18, 19, 27], \"negative_walked_edges\": [], \"color\": \"#BFB869\"}", "f13": "{\"flow_id\": 14, \"size\": 1500, \"period\": 150000, \"bandwidth\": 0.01, \"source\": 14, \"destinations\": [20, 16, 11], \"reliability\": 0.97, \"deadline\": 1000000000, \"routes\": [[[34, 19, 13, 30, 25]], [[34, 19, 12, 27, 15, 3], [34, 19, 12, 27, 16, 7, 5, 9, 3]], [[34, 19, 13, 30, 24]]], \"walked_edges\": [34, 3, 5, 7, 9, 12, 13, 15, 16, 19, 24, 25, 27, 30], \"negative_walked_edges\": [], \"color\": \"#A76AA4\"}", "f14": "{\"flow_id\": 15, \"size\": 5000, \"period\": 100000, \"bandwidth\": 0.05, \"source\": 20, \"destinations\": [12, 13], \"reliability\": 0.98, \"deadline\": 1000000000, \"routes\": [[[40, 23, 29, 12, 27, 15, 1, 10, 6], [40, 23, 29, 12, 27, 16, 7, 6]], [[40, 23, 29, 12, 28]]], \"walked_edges\": [1, 6, 7, 40, 10, 12, 15, 16, 23, 27, 28, 29], \"negative_walked_edges\": [], \"color\": \"#B3551E\"}", "f15": "{\"flow_id\": 16, \"size\": 5000, \"period\": 100000, \"bandwidth\": 0.05, \"source\": 18, \"destinations\": [19, 12], \"reliability\": 0.97, \"deadline\": 1000000000, \"routes\": [[[38, 17, 26, 11, 22]], [[38, 15, 1, 10, 6], [38, 16, 7, 6]]], \"walked_edges\": [1, 38, 6, 7, 10, 11, 15, 16, 17, 22, 26], \"negative_walked_edges\": [], \"color\": \"#1341CA\"}", "f16": "{\"flow_id\": 17, \"size\": 1500, \"period\": 300000, \"bandwidth\": 0.005, \"source\": 20, \"destinations\": [15, 17, 12], \"reliability\": 0.97, \"deadline\": 1000000000, \"routes\": [[[40, 23, 29, 14]], [[40, 23, 29, 11, 21]], [[40, 23, 29, 12, 27, 15, 1, 10, 6], [40, 23, 29, 12, 27, 16, 7, 6]]], \"walked_edges\": [1, 6, 7, 40, 10, 11, 12, 14, 15, 16, 21, 23, 27, 29], \"negative_walked_edges\": [], \"color\": \"#989AD3\"}", "f17": "{\"flow_id\": 18, \"size\": 1000, \"period\": 300000, \"bandwidth\": 0.0033333333333333335, \"source\": 13, \"destinations\": [14], \"reliability\": 0.97, \"deadline\": 1000000000, \"routes\": [[[33, 26, 11, 20]]], \"walked_edges\": [33, 26, 11, 20], \"negative_walked_edges\": [], \"color\": \"#7DA7EB\"}", "f18": "{\"flow_id\": 19, \"size\": 1500, \"period\": 100000, \"bandwidth\": 0.015, \"source\": 20, \"destinations\": [13, 18], \"reliability\": 0.97, \"deadline\": 1000000000, \"routes\": [[[40, 23, 29, 12, 28]], [[40, 23, 29, 12, 27, 18]]], \"walked_edges\": [40, 12, 18, 23, 27, 28, 29], \"negative_walked_edges\": [], \"color\": \"#E9DF15\"}", "f19": "{\"flow_id\": 20, \"size\": 1000, \"period\": 300000, \"bandwidth\": 0.0033333333333333335, \"source\": 11, \"destinations\": [13, 19], \"reliability\": 0.99, \"deadline\": 1000000000, \"routes\": [[[31, 23, 29, 12, 28]], [[31, 23, 29, 11, 22]]], \"walked_edges\": [11, 12, 22, 23, 28, 29, 31], \"negative_walked_edges\": [], \"color\": \"#71C673\"}"}